chromosome,start,end,gene_id,gene_name,gene_cluster,subregion
chr6,25726132,25726527,ENSG00000164508.4,HIST1H2AA,Histone,extended class I
chr6,25726909,25727292,ENSG00000146047.5,HIST1H2BA,Histone,extended class I
chr6,25731782,25732091,ENSG00000178762.4,HIST1H2BPS1,Histone,extended class I
chr6,25732497,25732827,ENSG00000216436.2,HIST1H2APS1,Histone,extended class I
chr6,25754699,25781191,ENSG00000146039.10,SLC17A4,Solute carrier,extended class I
chr6,25782897,25832059,ENSG00000124568.10,SLC17A1,Solute carrier,extended class I
chr6,25833066,25882286,ENSG00000124564.17,SLC17A3,Solute carrier,extended class I
chr6,25882026,25882395,ENSG00000242387.1,HIST1H2APS2,Histone,extended class I
chr6,25885419,25885751,ENSG00000277410.1,HIST1H2BP5,Histone,extended class I
chr6,25912754,25930726,ENSG00000112337.10,SLC17A2,Solute carrier,extended class I
chr6,25962802,25991226,ENSG00000112343.10,TRIM38,Zinc finger protein,extended class I
chr6,25983812,25999167,ENSG00000272558.1,U91328.21,,extended class I
chr6,25992662,26001775,ENSG00000272462.2,U91328.19,,extended class I
chr6,26013241,26013757,ENSG00000272810.1,U91328.22,,extended class I
chr6,26016379,26016601,ENSG00000224447.1,HIST1H1PS2,Histone,extended class I
chr6,26017085,26017732,ENSG00000124610.4,HIST1H1A,Histone,extended class I
chr6,26020490,26020900,ENSG00000275714.1,HIST1H3A,Histone,extended class I
chr6,26021679,26021990,ENSG00000278637.1,HIST1H4A,Histone,extended class I
chr6,26026815,26027252,ENSG00000278705.1,HIST1H4B,Histone,extended class I
chr6,26031650,26032060,ENSG00000274267.1,HIST1H3B,Histone,extended class I
chr6,26033176,26033568,ENSG00000278463.1,HIST1H2AB,Histone,extended class I
chr6,26043277,26043657,ENSG00000276410.3,HIST1H2BB,histone,extended class I
chr6,26043989,26044357,ENSG00000234816.2,U91328.2,,extended class I
chr6,26045411,26045821,ENSG00000278272.1,HIST1H3C,Histone,extended class I
chr6,26055787,26056428,ENSG00000187837.3,HIST1H1C,Histone,extended class I
chr6,26087281,26098343,ENSG00000010704.18,HFE,HLA class I,extended class I
chr6,26103876,26104310,ENSG00000197061.4,HIST1H4C,Histone,extended class I
chr6,26107419,26108136,ENSG00000187475.5,HIST1H1T,Histone,extended class I
chr6,26114873,26123926,ENSG00000180596.7,HIST1H2BC,Histone,extended class I
chr6,26124145,26139116,ENSG00000180573.9,HIST1H2AC,Histone,extended class I
chr6,26156354,26157107,ENSG00000168298.6,HIST1H1E,Histone,extended class I
chr6,26158146,26171349,ENSG00000158373.8,HIST1H2BD,Histone,extended class I
chr6,26160765,26172802,ENSG00000283064.1,RP1-221C16.8,,extended class I
chr6,26164072,26164363,ENSG00000217159.2,LARP1P1,,extended class I
chr6,26172059,26184655,ENSG00000274290.2,HIST1H2BE,Histone,extended class I
chr6,26188765,26189076,ENSG00000277157.1,HIST1H4D,Histone,extended class I
chr6,26195554,26196633,ENSG00000216331.2,HIST1H1PS1,Histone,extended class I
chr6,26195595,26199293,ENSG00000282988.1,RP1-34B20.21,,extended class I
chr6,26196840,26197250,ENSG00000197409.7,HIST1H3D,Histone,extended class I
chr6,26198851,26199243,ENSG00000196866.2,HIST1H2AD,Histone,extended class I
chr6,26199520,26200715,ENSG00000277224.2,HIST1H2BF,Histone,extended class I
chr6,26202156,26202654,ENSG00000217275.2,RP1-34B20.4,,extended class I
chr6,26204552,26206038,ENSG00000276966.2,HIST1H4E,Histone,extended class I
chr6,26215159,26216692,ENSG00000273802.2,HIST1H2BG,Histone,extended class I
chr6,26216975,26217483,ENSG00000277075.2,HIST1H2AE,Histone,extended class I
chr6,26219045,26219240,ENSG00000277720.1,RP1-34B20.19,,extended class I
chr6,26224199,26227473,ENSG00000274750.2,HIST1H3E,Histone,extended class I
chr6,26233122,26233255,ENSG00000218281.1,HIST1H2APS3,Histone,extended class I
chr6,26234268,26234933,ENSG00000124575.6,HIST1H1D,Histone,extended class I
chr6,26240426,26240737,ENSG00000274618.1,HIST1H4F,Histone,extended class I
chr6,26246681,26246977,ENSG00000275663.1,HIST1H4G,Histone,extended class I
chr6,26250195,26250605,ENSG00000277775.1,HIST1H3F,Histone,extended class I
chr6,26251651,26253710,ENSG00000275713.2,HIST1H2BH,Histone,extended class I
chr6,26269405,26271815,ENSG00000273983.1,HIST1H3G,Histone,extended class I
chr6,26272021,26272701,ENSG00000218690.2,HIST1H2APS4,Histone,extended class I
chr6,26272976,26273356,ENSG00000278588.1,HIST1H2BI,Histone,extended class I
chr6,26277609,26285638,ENSG00000158406.4,HIST1H4H,Histone,extended class I
chr6,26321876,26322292,ENSG00000220875.1,HIST1H3PS1,Histone,extended class I
chr6,26365159,26378320,ENSG00000186470.13,BTN3A2,Butyrophilin,extended class I
chr6,26383096,26394874,ENSG00000124508.16,BTN2A2,Butyrophilin,extended class I
chr6,26402237,26415216,ENSG00000026950.16,BTN3A1,Butyrophilin,extended class I
chr6,26421391,26432383,ENSG00000124549.14,BTN2A3P,Butyrophilin,extended class I
chr6,26440472,26453415,ENSG00000111801.15,BTN3A3,Butyrophilin,extended class I
chr6,26457904,26476621,ENSG00000112763.15,BTN2A1,Butyrophilin,extended class I
chr6,26501221,26510422,ENSG00000124557.12,BTN1A1,Butyrophilin,extended class I
chr6,26519351,26519458,ENSG00000199289.1,RNU6-502P,,extended class I
chr6,26523450,26526579,ENSG00000228223.2,HCG11,,extended class I
chr6,26527063,26527404,ENSG00000261353.1,CTA-14H9.5,,extended class I
chr6,26538405,26546254,ENSG00000182952.4,HMGN4,,extended class I
chr6,26596952,26600744,ENSG00000146109.4,ABT1,,extended class I
chr6,26602733,26606661,ENSG00000275846.1,RP11-457M11.7,,extended class I
chr6,26611903,26613109,ENSG00000271071.1,RP11-457M11.6,,extended class I
chr6,26634383,26659752,ENSG00000181315.10,ZNF322,Zinc finger protein,extended class I
chr6,26686241,26687964,ENSG00000261584.1,RP11-457M11.5,,extended class I
chr6,26871484,26956554,ENSG00000241549.8,GUSBP2,,extended class I
chr6,26896952,26898777,ENSG00000243307.2,POM121L6P,,extended class I
chr6,26956992,27023924,ENSG00000224843.6,LINC00240,,extended class I
chr6,27001208,27001648,ENSG00000272312.1,RP11-239L20.6,,extended class I
chr6,27033435,27034310,ENSG00000220581.1,VN1R12P,Vomeronasal receptor,extended class I
chr6,27060365,27061249,ENSG00000216762.1,VN1R13P,Vomeronasal receptor,extended class I
chr6,27083280,27084147,ENSG00000219770.1,VN1R11P,Vomeronasal receptor,extended class I
chr6,27109790,27109980,ENSG00000222800.1,RNU2-62P,,extended class I
chr6,27122657,27123221,ENSG00000272468.1,RP1-86C11.7,,extended class I
chr6,27125897,27132750,ENSG00000124635.8,HIST1H2BJ,Histone,extended class I
chr6,27133042,27135291,ENSG00000196787.3,HIST1H2AG,Histone,extended class I
chr6,27138588,27139881,ENSG00000276180.1,HIST1H4I,Histone,extended class I
chr6,27146418,27146798,ENSG00000197903.7,HIST1H2BK,Histone,extended class I
chr6,27147129,27147515,ENSG00000274997.1,HIST1H2AH,Histone,extended class I
chr6,27147626,27147688,ENSG00000265565.1,MIR3143,,extended class I
chr6,27211244,27211913,ENSG00000174572.3,RP11-209A2.1,,extended class I
chr6,27247701,27256624,ENSG00000112812.15,PRSS16,,extended class I
chr6,27268113,27269229,ENSG00000270935.1,XXbac-BPGBPG24O18.1,,extended class I
chr6,27285903,27312170,ENSG00000158553.4,POM121L2,,extended class I
chr6,27324894,27325768,ENSG00000220758.4,VN1R10P,Vomeronasal receptor,extended class I
chr6,27357825,27360221,ENSG00000204789.4,ZNF204P,Zinc finger protein,extended class I
chr6,27374615,27403904,ENSG00000124613.8,ZNF391,Zinc finger protein,extended class I
chr6,27404010,27406964,ENSG00000271755.1,RP1-153G14.4,,extended class I
chr6,27407697,27407996,ENSG00000237154.2,MCFD2P1,,extended class I
chr6,27450743,27473118,ENSG00000096654.15,ZNF184,Zinc finger protein,extended class I
chr6,27510501,27510694,ENSG00000278332.1,XXbac-BPGBPG34I8.2,,extended class I
chr6,27515039,27515274,ENSG00000270666.1,XXbac-BPGBPG34I8.1,,extended class I
chr6,27523076,27524339,ENSG00000218347.2,HNRNPA1P1,,extended class I
chr6,27560822,27561744,ENSG00000219738.2,XXbac-BPG34I8.3,,extended class I
chr6,27596412,27596517,ENSG00000206671.1,RNU6-471P,,extended class I
chr6,27652602,27652825,ENSG00000216676.2,RP1-15D7.1,,extended class I
chr6,27694035,27710222,ENSG00000281706.2,LINC01012,,extended class I
chr6,27737000,27738494,ENSG00000216915.2,RP1-97D16.1,,extended class I
chr6,27780619,27781111,ENSG00000218069.2,RSL24D1P1,,extended class I
chr6,27807075,27807339,ENSG00000217862.2,HIST1H4PS1,Histone,extended class I
chr6,27807444,27807931,ENSG00000185130.5,HIST1H2BL,Histone,extended class I
chr6,27808199,27808701,ENSG00000196747.4,HIST1H2AI,Histone,extended class I
chr6,27810064,27811300,ENSG00000278828.1,HIST1H3H,Histone,extended class I
chr6,27814354,27814740,ENSG00000276368.1,HIST1H2AJ,Histone,extended class I
chr6,27815044,27815424,ENSG00000273703.1,HIST1H2BM,Histone,extended class I
chr6,27824108,27824480,ENSG00000197238.4,HIST1H4J,Histone,extended class I
chr6,27831216,27831527,ENSG00000273542.1,HIST1H4K,Histone,extended class I
chr6,27837760,27865798,ENSG00000233822.4,HIST1H2BN,Histone,extended class I
chr6,27837947,27838339,ENSG00000275221.1,HIST1H2AK,Histone,extended class I
chr6,27864062,27864401,ENSG00000217646.1,HIST1H2BPS2,Histone,extended class I
chr6,27865355,27865747,ENSG00000276903.1,HIST1H2AL,Histone,extended class I
chr6,27866849,27867529,ENSG00000184357.4,HIST1H1B,Histone,extended class I
chr6,27871905,27872315,ENSG00000275379.1,HIST1H3I,Histone,extended class I
chr6,27873199,27873510,ENSG00000275126.1,HIST1H4L,Histone,extended class I
chr6,27890382,27893106,ENSG00000197153.4,HIST1H3J,Histone,extended class I
chr6,27892757,27893149,ENSG00000278677.1,HIST1H2AM,Histone,extended class I
chr6,27893463,27893843,ENSG00000274641.1,HIST1H2BO,Histone,extended class I
chr6,27897504,27897566,ENSG00000238610.1,RNU7-26P,,extended class I
chr6,27911185,27912396,ENSG00000168131.4,OR2B2,Olfactory receptor,extended class I
chr6,27937465,27938403,ENSG00000168126.3,OR2W6P,Olfactory receptor,extended class I
chr6,27957241,27958182,ENSG00000124657.1,OR2B6,Olfactory receptor,extended class I
chr6,27965175,27965514,ENSG00000214374.2,RPLP2P1,,extended class I
chr6,27977150,27978075,ENSG00000216629.1,OR2W4P,Olfactory receptor,extended class I
chr6,28010723,28012355,ENSG00000217539.2,IQCB2P,,extended class I
chr6,28015568,28015777,ENSG00000199851.2,U3,,extended class I
chr6,28033947,28034855,ENSG00000217315.1,OR2W2P,Olfactory receptor,extended class I
chr6,28046434,28047367,ENSG00000187763.3,OR2B7P,Olfactory receptor,extended class I
chr6,28053228,28054165,ENSG00000182477.5,OR2B8P,Olfactory receptor,extended class I
chr6,28073316,28074233,ENSG00000220721.1,OR1F12,Olfactory receptor,extended class I
chr6,28078792,28081130,ENSG00000272009.1,RP1-313I6.12,,extended class I
chr6,28080975,28089563,ENSG00000197279.3,ZNF165,Zinc finger protein,extended class I
chr6,28091154,28093664,ENSG00000219891.2,ZSCAN12P1,Zinc finger protein,extended class I
chr6,28115628,28116551,ENSG00000219392.1,ZNF602P,Zinc finger protein,extended class I
chr6,28121795,28137293,ENSG00000269293.2,ZSCAN16-AS1,Zinc finger protein,extended class I
chr6,28124560,28130082,ENSG00000196812.4,ZSCAN16,Zinc finger protein,extended class I
chr6,28136849,28139678,ENSG00000261839.1,RP1-265C24.8,,extended class I
chr6,28141910,28159472,ENSG00000198315.10,ZKSCAN8,Zinc finger protein,extended class I
chr6,28161781,28169594,ENSG00000226314.7,ZNF192P1,Zinc finger protein,extended class I
chr6,28170845,28172521,ENSG00000280107.1,AL022393.9,,extended class I
chr6,28176188,28176674,ENSG00000216901.1,ZNF603P,Zinc finger protein,extended class I
chr6,28188050,28189432,ENSG00000218016.2,ZNF192P2,Zinc finger protein,extended class I
chr6,28217643,28218634,ENSG00000176933.5,TOB2P1,,extended class I
chr6,28224886,28233482,ENSG00000137185.11,ZSCAN9,Zinc finger protein,extended class I
chr6,28244623,28252224,ENSG00000187626.8,ZKSCAN4,Zinc finger protein,extended class I
chr6,28259320,28260958,ENSG00000189134.3,NKAPL,,extended class I
chr6,28267010,28278224,ENSG00000197062.11,ZSCAN26,Zinc finger protein,extended class I
chr6,28267121,28281580,ENSG00000276302.1,RP5-874C20.8,,extended class I
chr6,28281572,28302549,ENSG00000137338.5,PGBD1,Zinc finger protein,extended class I
chr6,28315613,28315883,ENSG00000273712.1,RP5-874C20.7,,extended class I
chr6,28319660,28319852,ENSG00000270326.1,RP5-874C20.6,,extended class I
chr6,28324693,28356271,ENSG00000235109.7,ZSCAN31,Zinc finger protein,extended class I
chr6,28349914,28369177,ENSG00000189298.13,ZKSCAN3,Zinc finger protein,extended class I
chr6,28378955,28399734,ENSG00000158691.14,ZSCAN12,Zinc finger protein,extended class I
chr6,28410270,28410456,ENSG00000251877.1,RNU2-45P,,extended class I
chr6,28431930,28443502,ENSG00000187987.9,ZSCAN23,Zinc finger protein,extended class I
chr6,28446973,28447807,ENSG00000231162.4,COX11P1,,extended class I
chr6,28455648,28456141,ENSG00000219262.1,OR2E1P,Olfactory receptor,extended class I
chr6,28503296,28528215,ENSG00000198704.9,GPX6,,extended class I
chr6,28525925,28534952,ENSG00000224586.6,GPX5,,extended class I
chr6,28571630,28616212,ENSG00000232040.2,ZBED9,Zinc finger protein,extended class I
chr6,28587378,28591747,ENSG00000246350.1,RP5-1186N24.3,,extended class I
chr6,28633381,28633594,ENSG00000271440.1,RP11-373N24.2,,extended class I
chr6,28648286,28649066,ENSG00000235570.1,LINC00533,,extended class I
chr6,28732017,28732904,ENSG00000237425.1,RPSAP2,,extended class I
chr6,28783633,28784004,ENSG00000235559.1,NOP56P1,,extended class I
chr6,28837869,28839006,ENSG00000225173.1,XXbac-BPG308K3.5,,extended class I
chr6,28859625,28864630,ENSG00000225595.2,LINC01623,,extended class I
chr6,28861416,28862047,ENSG00000213916.2,RPL13P,,extended class I
chr6,28888832,28889906,ENSG00000233366.1,ZNF90P2,Zinc finger protein,extended class I
chr6,28896530,28897322,ENSG00000224157.1,HCG14,,extended class I
chr6,28903002,28923989,ENSG00000204713.10,TRIM27,,extended class I
chr6,28915645,28915744,ENSG00000212240.1,RNU6-930P,,extended class I
chr6,28943877,28944537,ENSG00000204709.4,LINC01556,,extended class I
chr6,28969130,28970460,ENSG00000228666.1,KRT18P1,,extended class I
chr6,28977475,28977773,ENSG00000263426.2,RN7SL471P,,extended class I
chr6,28986203,28987484,ENSG00000227214.2,HCG15,,extended class I
chr6,28986800,28988536,ENSG00000244349.1,HCG16,,extended class I
chr6,28994785,29005316,ENSG00000197935.6,ZNF311,Zinc finger protein,extended class I
chr6,29026680,29027607,ENSG00000223677.1,OR2AD1P,Olfactory receptor,extended class I
chr6,29036021,29076524,ENSG00000277661.4,XXbac-BPG258E24.10,,extended class I
chr6,29044213,29045240,ENSG00000204704.2,OR2W1,Olfactory receptor,extended class I
chr6,29071824,29072599,ENSG00000236909.1,OR2P1P,Olfactory receptor,extended class I
chr6,29076573,29077168,ENSG00000228364.1,SAR1P1,,extended class I
chr6,29086307,29087313,ENSG00000204703.4,OR2B3,Olfactory receptor,extended class I
chr6,29100609,29101881,ENSG00000204702.4,OR2J1,Olfactory receptor,extended class I
chr6,29111891,29112826,ENSG00000204701.1,OR2J3,Olfactory receptor,extended class I
chr6,29124210,29128908,ENSG00000227206.1,XXbac-BCX196D17.5,,extended class I
chr6,29137880,29138816,ENSG00000203492.3,OR2N1P,Olfactory receptor,extended class I
chr6,29173303,29174574,ENSG00000204700.4,OR2J2,Olfactory receptor,extended class I
chr6,29181510,29182445,ENSG00000224233.1,OR2J4P,Olfactory receptor,extended class I
chr6,29215236,29216179,ENSG00000230598.1,OR2H4P,Olfactory receptor,extended class I
chr6,29223973,29290440,ENSG00000232505.2,XXbac-BPG308J9.3,,extended class I
chr6,29229227,29230157,ENSG00000213911.2,OR2G1P,Olfactory receptor,extended class I
chr6,29262703,29264079,ENSG00000204697.3,OR2U1P,Olfactory receptor,extended class I
chr6,29268462,29269421,ENSG00000242524.1,OR2U2P,Olfactory receptor,extended class I
chr6,29290711,29291653,ENSG00000197171.5,OR2B4P,Olfactory receptor,extended class I
chr6,29306690,29307655,ENSG00000204695.3,OR14J1,Olfactory receptor,extended class I
chr6,29329626,29331061,ENSG00000230056.1,DDX6P1,,extended class I
chr6,29355230,29431967,ENSG00000243729.3,OR5V1,Olfactory receptor,extended class I
chr6,29373423,29375291,ENSG00000112462.8,OR12D3,Olfactory receptor,extended class I
chr6,29396555,29397623,ENSG00000280236.2,OR12D2,Olfactory receptor,extended class I
chr6,29417280,29418226,ENSG00000251608.1,OR12D1,Olfactory receptor,extended class I
chr6,29425504,29457071,ENSG00000204694.10,OR11A1,Olfactory receptor,extended class I
chr6,29439306,29440977,ENSG00000206474.7,OR10C1,Olfactory receptor,extended class I
chr6,29450210,29450558,ENSG00000277881.1,XXbac-BPG13B8.11,,extended class I
chr6,29457181,29464328,ENSG00000204688.9,OR2H1,Olfactory receptor,extended class I
chr6,29464596,29469806,ENSG00000225797.2,UBDP1,,extended class I
chr6,29475025,29476071,ENSG00000230164.1,MAS1LP1,,extended class I
chr6,29486697,29487956,ENSG00000204687.4,MAS1L,,extended class I
chr6,29489271,29489676,ENSG00000213900.2,RPS17P1,,extended class I
chr6,29497509,29510556,ENSG00000229274.1,XXbac-BPG13B8.10,,extended class I
chr6,29529420,29533665,ENSG00000224582.5,LINC01015,,extended class I
chr6,29537704,29538787,ENSG00000229281.1,GPR53P,,extended class I
chr6,29553219,29554166,ENSG00000237988.3,OR2I1P,Olfactory receptor,extended class I
chr6,29555515,29559925,ENSG00000213886.3,UBD,,extended class I
chr6,29555629,29633976,ENSG00000204681.10,GABBR1,,extended class I
chr6,29573909,29574836,ENSG00000232173.2,OR2H5P,Olfactory receptor,extended class I
chr6,29577459,29577748,ENSG00000227609.2,TMEM183AP1,,extended class I
chr6,29582249,29582332,ENSG00000201330.1,SNORD32B,,extended class I
chr6,29582508,29583025,ENSG00000231301.1,RPL13AP,,extended class I
chr6,29587455,29589038,ENSG00000204657.3,OR2H2,Olfactory receptor,extended class I
chr6,29636060,29636343,ENSG00000235238.1,SUMO2P1,,extended class I
chr6,29656981,29672372,ENSG00000204655.11,MOG,,extended class I
chr6,29672392,29681110,ENSG00000204644.9,ZFP57,Zinc finger protein,classical class I
chr6,29708125,29708547,ENSG00000233916.1,ZDHHC20P1,,classical class I
chr6,29722775,29738528,ENSG00000204642.13,HLA-F,HLA class I,classical class I
chr6,29722981,29723971,ENSG00000225864.1,HCG4P11,,classical class I
chr6,29726601,29749049,ENSG00000214922.9,HLA-F-AS1,HLA class I,classical class I
chr6,29726669,29727139,ENSG00000239257.1,RPL23AP1,,classical class I
chr6,29741731,29748969,ENSG00000273340.1,MICE,HLA class I,classical class I
chr6,29748289,29748513,ENSG00000227758.1,HCG9P5,,classical class I
chr6,29750371,29750472,ENSG00000199290.1,Y_RNA,,classical class I
chr6,29750729,29751148,ENSG00000235821.1,IFITM4P,,classical class I
chr6,29751965,29752207,ENSG00000272236.1,XXbac-BPG170G13.32,,classical class I
chr6,29763258,29763392,ENSG00000270896.1,XXbac-BPG170G13.31,,classical class I
chr6,29790954,29797811,ENSG00000181126.13,HLA-V,HLA class I,classical class I
chr6,29791753,29792750,ENSG00000176998.4,HCG4,,classical class I
chr6,29800415,29802425,ENSG00000261548.1,HLA-P,HLA class I,classical class I
chr6,29803195,29803991,ENSG00000213880.3,RPL7AP7,,classical class I
chr6,29812565,29812696,ENSG00000237042.1,MICG,HLA class I,classical class I
chr6,29826967,29831125,ENSG00000204632.11,HLA-G,HLA class I,classical class I
chr6,29827385,29828364,ENSG00000229142.1,HCG4P8,,classical class I
chr6,29852363,29852491,ENSG00000233265.1,MICF,HLA class I,classical class I
chr6,29871895,29873783,ENSG00000281831.1,HCP5B,,classical class I
chr6,29887294,29888268,ENSG00000230521.1,HCG4P7,,classical class I
chr6,29887752,29890482,ENSG00000206341.7,HLA-H,HLA class I,classical class I
chr6,29896654,29897786,ENSG00000231130.1,HLA-T,HLA class I,classical class I
chr6,29906543,29906909,ENSG00000233677.1,DDX39BP1,,classical class I
chr6,29907783,29908645,ENSG00000235963.1,MCCD1P1,,classical class I
chr6,29925983,29926973,ENSG00000227262.3,HCG4B,,classical class I
chr6,29926459,29929232,ENSG00000230795.3,HLA-K,HLA class I,classical class I
chr6,29934101,29934286,ENSG00000228078.1,HLA-U,HLA class I,classical class I
chr6,29941260,29945884,ENSG00000206503.11,HLA-A,HLA class I,classical class I
chr6,29942075,29943067,ENSG00000227766.1,HCG4P5,,classical class I
chr6,29956596,29958570,ENSG00000235290.1,HLA-W,HLA class I,classical class I
chr6,29970801,29972464,ENSG00000229390.1,MICD,HLA class I,classical class I
chr6,29975112,29978410,ENSG00000204625.10,HCG9,,classical class I
chr6,29993209,29993605,ENSG00000238024.1,DDX39BP2,,classical class I
chr6,29994437,29995314,ENSG00000224312.1,MCCD1P2,,classical class I
chr6,30001011,30061640,ENSG00000204623.9,ZNRD1ASP,Zinc finger protein,classical class I
chr6,30005971,30009956,ENSG00000204622.11,HLA-J,HLA class I,classical class I
chr6,30006121,30007116,ENSG00000237669.1,HCG4P3,,classical class I
chr6,30031713,30033003,ENSG00000232757.1,ETF1P1,,classical class I
chr6,30035916,30035983,ENSG00000278104.1,ZNRD1-AS1_1,Zinc finger protein,classical class I
chr6,30058115,30058190,ENSG00000275856.1,ZNRD1-AS1_2,Zinc finger protein,classical class I
chr6,30058899,30064909,ENSG00000066379.14,ZNRD1,Zinc finger protein,classical class I
chr6,30061080,30061183,ENSG00000278773.1,ZNRD1-AS1_3,Zinc finger protein,classical class I
chr6,30066709,30070333,ENSG00000204619.7,PPP1R11,,classical class I
chr6,30070266,30075887,ENSG00000204618.8,RNF39,,classical class I
chr6,30102897,30113106,ENSG00000204616.10,TRIM31,Zinc finger protein,classical class I
chr6,30105240,30114724,ENSG00000231226.1,TRIM31-AS1,Zinc finger protein,classical class I
chr6,30132805,30132966,ENSG00000252228.1,SNORA48,,classical class I
chr6,30136108,30148735,ENSG00000204614.8,TRIM40,Zinc finger protein,classical class I
chr6,30151945,30160934,ENSG00000204613.10,TRIM10,Zinc finger protein,classical class I
chr6,30163206,30172696,ENSG00000204610.12,TRIM15,Zinc finger protein,classical class I
chr6,30184455,30213427,ENSG00000234127.8,TRIM26,Zinc finger protein,classical class I
chr6,30186798,30188614,ENSG00000233892.1,PAIP1P1,,classical class I
chr6,30234039,30326134,ENSG00000270604.5,HCG17,,classical class I
chr6,30238301,30242279,ENSG00000236475.1,TRIM26BP,Zinc finger protein,classical class I
chr6,30259584,30293014,ENSG00000243753.5,HLA-L,HLA class I,classical class I
chr6,30282349,30286054,ENSG00000280128.1,XXbac-BPG283O16.9,,classical class I
chr6,30287397,30327150,ENSG00000231074.8,HCG18,,classical class I
chr6,30326479,30343729,ENSG00000204599.14,TRIM39,Zinc finger protein,classical class I
chr6,30328907,30346854,ENSG00000248167.7,TRIM39-RPP21,Zinc finger protein,classical class I
chr6,30345131,30346884,ENSG00000241370.5,RPP21,,classical class I
chr6,30351416,30351550,ENSG00000224372.1,HLA-N,HLA class I,classical class I
chr6,30359278,30359911,ENSG00000224486.1,HCG19P,,classical class I
chr6,30363112,30364280,ENSG00000236405.1,UBQLN1P1,,classical class I
chr6,30414715,30419319,ENSG00000226577.1,MICC,HLA class I,classical class I
chr6,30466452,30467994,ENSG00000229068.1,TMPOP1,,classical class I
chr6,30468882,30470251,ENSG00000224936.1,SUCLA2P1,,classical class I
chr6,30485940,30486590,ENSG00000236603.2,RANP1,,classical class I
chr6,30489467,30494205,ENSG00000204592.8,HLA-E,HLA class I,classical class I
chr6,30516266,30519217,ENSG00000235781.1,XXbac-BPG249D20.9,,classical class I
chr6,30541377,30557174,ENSG00000204590.12,GNL1,,classical class I
chr6,30556886,30563723,ENSG00000204576.11,PRR3,,classical class I
chr6,30571376,30597179,ENSG00000204574.12,ABCF1,,classical class I
chr6,30584332,30584417,ENSG00000216101.3,MIR877,,classical class I
chr6,30600400,30618612,ENSG00000204569.9,PPP1R10,,classical class I
chr6,30617709,30626395,ENSG00000204568.11,MRPS18B,,classical class I
chr6,30626842,30646823,ENSG00000137343.17,ATAT1,,classical class I
chr6,30633632,30633956,ENSG00000228415.3,PTMAP1,,classical class I
chr6,30647039,30653210,ENSG00000204564.11,C6orf136,,classical class I
chr6,30653119,30673037,ENSG00000204560.9,DHX16,,classical class I
chr6,30676389,30687895,ENSG00000146112.11,PPP1R18,,classical class I
chr6,30688047,30691420,ENSG00000137404.14,NRM,,classical class I
chr6,30696806,30697535,ENSG00000230449.1,RPL7P4,,classical class I
chr6,30699807,30717889,ENSG00000137337.14,MDC1,,classical class I
chr6,30703067,30713184,ENSG00000224328.1,MDC1-AS1,,classical class I
chr6,30720201,30725426,ENSG00000196230.12,TUBB,,classical class I
chr6,30723105,30723877,ENSG00000272540.1,XXbac-BPG252P9.9,,classical class I
chr6,30727709,30742733,ENSG00000137312.14,FLOT1,,classical class I
chr6,30736304,30736414,ENSG00000201988.2,Y_RNA,,classical class I
chr6,30742929,30743592,ENSG00000272273.1,XXbac-BPG252P9.10,,classical class I
chr6,30743199,30744554,ENSG00000137331.11,IER3,,classical class I
chr6,30751038,30751289,ENSG00000263608.2,RN7SL353P,,classical class I
chr6,30766825,30792250,ENSG00000228022.5,HCG20,,classical class I
chr6,30798654,30830659,ENSG00000214894.6,LINC00243,,classical class I
chr6,30839526,30848159,ENSG00000237923.1,XXbac-BPG27H4.8,,classical class I
chr6,30864250,30864552,ENSG00000202241.1,RN7SKP186,,classical class I
chr6,30866982,30875918,ENSG00000237775.1,DDR1-AS1,,classical class I
chr6,30876421,30900156,ENSG00000204580.12,DDR1,,classical class I
chr6,30908184,30914106,ENSG00000213780.10,GTF2H4,,classical class I
chr6,30908242,30926459,ENSG00000137411.16,VARS2,,classical class I
chr6,30931353,30955636,ENSG00000196260.4,SFTA2,,classical class I
chr6,30932618,30932709,ENSG00000252761.1,Y_RNA,,classical class I
chr6,30934523,30954221,ENSG00000168631.12,DPCR1,,classical class I
chr6,30945979,30954862,ENSG00000233529.1,HCG21,,classical class I
chr6,30961403,30962396,ENSG00000275906.1,XXbac-BPG118E17.10,,classical class I
chr6,30983718,30989903,ENSG00000204544.5,MUC21,,classical class I
chr6,31010474,31035402,ENSG00000261272.1,MUC22,,classical class I
chr6,31053450,31059890,ENSG00000228789.6,HCG22,,classical class I
chr6,31083010,31083109,ENSG00000222895.1,RNU6-1133P,,classical class I
chr6,31111223,31112559,ENSG00000204542.2,C6orf15,,classical class I
chr6,31114750,31140092,ENSG00000204540.10,PSORS1C1,,classical class I
chr6,31115090,31120446,ENSG00000204539.3,CDSN,,classical class I
chr6,31137536,31139350,ENSG00000204538.3,PSORS1C2,,classical class I
chr6,31140727,31140913,ENSG00000238211.1,POLR2LP1,,classical class I
chr6,31142439,31158238,ENSG00000204536.13,CCHCR1,,classical class I
chr6,31158542,31167159,ENSG00000137310.11,TCF19,,classical class I
chr6,31164337,31180731,ENSG00000204531.16,POU5F1,,classical class I
chr6,31173735,31177899,ENSG00000204528.3,PSORS1C3,,classical class I
chr6,31195200,31198037,ENSG00000272501.1,XXbac-BPG299F13.17,,classical class I
chr6,31197760,31203968,ENSG00000206344.6,HCG27,,classical class I
chr6,31200165,31201918,ENSG00000271821.1,XXbac-BPG299F13.14,,classical class I
chr6,31222913,31223093,ENSG00000255726.1,XXbac-BPG299F13.15,,classical class I
chr6,31224342,31225058,ENSG00000255899.1,XXbac-BPG299F13.16,,classical class I
chr6,31268749,31272130,ENSG00000204525.15,HLA-C,HLA class I,classical class I
chr6,31275572,31278754,ENSG00000214892.4,USP8P1,,classical class I
chr6,31280317,31281519,ENSG00000227939.1,RPL3P2,,classical class I
chr6,31287510,31288964,ENSG00000231402.1,WASF5P,,classical class I
chr6,31293908,31301642,ENSG00000256166.1,XXbac-BPG248L24.13,,classical class I
chr6,31307815,31308549,ENSG00000229836.1,XXbac-BPG248L24.10,,classical class I
chr6,31353872,31357188,ENSG00000234745.9,HLA-B,HLA class I,classical class I
chr6,31355224,31355316,ENSG00000277402.1,MIR6891,,classical class I
chr6,31356647,31357637,ENSG00000271581.1,XXbac-BPG248L24.12,,classical class I
chr6,31366352,31366898,ENSG00000228432.1,DHFRP2,,classical class I
chr6,31370134,31370240,ENSG00000201658.1,RNU6-283P,,classical class I
chr6,31377419,31378019,ENSG00000230994.1,FGFR3P1,,classical class I
chr6,31380411,31380839,ENSG00000223702.1,ZDHHC20P2,,classical class I
chr6,31382074,31382288,ENSG00000225851.1,HLA-S,HLA class I,classical class I
chr6,31394289,31395495,ENSG00000272221.1,XXbac-BPG181B23.7,,classical class I
chr6,31399784,31415315,ENSG00000204520.12,MICA,HLA class I,classical class I
chr6,31400702,31477506,ENSG00000206337.10,HCP5,,classical class I
chr6,31402152,31402250,ENSG00000199332.1,Y_RNA,,classical class I
chr6,31441667,31446973,ENSG00000230174.1,LINC01149,,classical class I
chr6,31462728,31463336,ENSG00000233902.1,XXbac-BPG181B23.6,,classical class I
chr6,31494881,31511124,ENSG00000204516.9,MICB,HLA class I,classical class I
chr6,31496689,31496790,ENSG00000201680.1,Y_RNA,,
chr6,31515979,31516211,ENSG00000256851.1,XXbac-BPG16N22.5,,
chr6,31519480,31520291,ENSG00000219797.2,PPIAP9,,classical class III
chr6,31528114,31528693,ENSG00000225499.1,RPL15P4,,classical class III
chr6,31528717,31530232,ENSG00000204511.2,MCCD1,,classical class III
chr6,31530219,31542448,ENSG00000198563.13,DDX39B,,classical class III
chr6,31530219,31546608,ENSG00000254870.5,ATP6V1G2-DDX39B,,classical class III
chr6,31536374,31536449,ENSG00000201785.1,SNORD117,,classical class III
chr6,31541101,31541178,ENSG00000265236.1,SNORD84,,classical class III
chr6,31542304,31543138,ENSG00000234006.1,DDX39B-AS1,,classical class III
chr6,31544462,31548427,ENSG00000213760.10,ATP6V1G2,,classical class III
chr6,31546870,31558829,ENSG00000204498.10,NFKBIL1,,classical class III
chr6,31572054,31574324,ENSG00000226979.8,LTA,Tumor necrosis factor,classical class III
chr6,31575567,31578336,ENSG00000232810.3,TNF,Tumor necrosis factor,classical class III
chr6,31580525,31582522,ENSG00000227507.2,LTB,Tumor necrosis factor,classical class III
chr6,31586124,31588909,ENSG00000204482.10,LST1,,classical class III
chr6,31588895,31592985,ENSG00000204475.9,NCR3,,classical class III
chr6,31611083,31611356,ENSG00000230622.1,UQCRHP1,,classical class III
chr6,31615184,31617021,ENSG00000204472.12,AIF1,,classical class III
chr6,31620720,31637771,ENSG00000204469.12,PRRC2A,,classical class III
chr6,31623079,31623210,ENSG00000200816.1,SNORA38,,classical class III
chr6,31633787,31633858,ENSG00000274494.1,MIR6832,,classical class III
chr6,31639028,31652705,ENSG00000204463.12,BAG6,,classical class III
chr6,31652416,31658210,ENSG00000204444.10,APOM,,classical class III
chr6,31658298,31660772,ENSG00000204439.3,C6orf47,,classical class III
chr6,31658329,31660721,ENSG00000227198.1,C6orf47-AS1,,classical class III
chr6,31661229,31666283,ENSG00000204438.10,GPANK1,,classical class III
chr6,31663288,31663401,ENSG00000201207.1,Y_RNA,,classical class III
chr6,31665236,31670343,ENSG00000204435.13,CSNK2B,,classical class III
chr6,31666102,31673546,ENSG00000263020.6,XXbac-BPG32J3.22,,classical class III
chr6,31670167,31673776,ENSG00000240053.8,LY6G5B,Lymphocyte antigen,classical class III
chr6,31676684,31684040,ENSG00000204428.12,LY6G5C,Lymphocyte antigen,classical class III
chr6,31686949,31703444,ENSG00000204427.11,ABHD16A,,classical class III
chr6,31686962,31714072,ENSG00000204422.7,XXbac-BPG32J3.20,,classical class III
chr6,31701029,31701091,ENSG00000266776.1,MIR4646,,classical class III
chr6,31706885,31710595,ENSG00000204424.9,LY6G6F,Lymphocyte antigen,classical class III
chr6,31706904,31717918,ENSG00000250641.1,XXbac-BPG32J3.19,,classical class III
chr6,31711771,31714065,ENSG00000255552.7,LY6G6E,Lymphocyte antigen,classical class III
chr6,31715356,31717804,ENSG00000244355.7,LY6G6D,Lymphocyte antigen,classical class III
chr6,31718594,31726714,ENSG00000204420.8,C6orf25,,classical class III
chr6,31718648,31721845,ENSG00000204421.2,LY6G6C,Lymphocyte antigen,classical class III
chr6,31727038,31730617,ENSG00000213722.8,DDAH2,,classical class III
chr6,31730581,31739763,ENSG00000213719.8,CLIC1,,classical class III
chr6,31739948,31762834,ENSG00000204410.14,MSH5,,classical class III
chr6,31740020,31764851,ENSG00000255152.8,MSH5-SAPCD1,,classical class III
chr6,31756951,31757053,ENSG00000252743.1,RNU6-850P,,classical class III
chr6,31762799,31764851,ENSG00000228727.8,SAPCD1,,classical class III
chr6,31764310,31765588,ENSG00000235663.1,SAPCD1-AS1,,classical class III
chr6,31765590,31777294,ENSG00000204396.10,VWA7,,classical class III
chr6,31777518,31795953,ENSG00000204394.12,VARS,,classical class III
chr6,31778817,31778905,ENSG00000201555.1,Y_RNA,,classical class III
chr6,31797396,31806984,ENSG00000204392.10,LSM2,,classical class III
chr6,31809619,31815065,ENSG00000204390.9,HSPA1L,Heat shock protein,classical class III
chr6,31815464,31817946,ENSG00000204389.9,HSPA1A,Heat shock protein,classical class III
chr6,31827735,31830255,ENSG00000204388.6,HSPA1B,Heat shock protein,classical class III
chr6,31834608,31839766,ENSG00000204387.12,C6orf48,,classical class III
chr6,31835263,31835326,ENSG00000201823.1,SNORD48,,classical class III
chr6,31837076,31837142,ENSG00000201754.1,SNORD52,,classical class III
chr6,31857659,31862906,ENSG00000204386.10,NEU1,,classical class III
chr6,31863192,31879046,ENSG00000204385.10,SLC44A4,,classical class III
chr6,31879759,31897687,ENSG00000204371.11,EHMT2,,classical class III
chr6,31883761,31884204,ENSG00000237080.2,EHMT2-AS1,,classical class III
chr6,31897785,31945672,ENSG00000166278.14,C2,,classical class III
chr6,31899607,31901992,ENSG00000204366.3,ZBTB12,,classical class III
chr6,31927698,31952048,ENSG00000244255.5,XXbac-BPG116M5.17,,classical class III
chr6,31934474,31941724,ENSG00000281756.1,C2-AS1,,classical class III
chr6,31945650,31952084,ENSG00000243649.8,CFB,,classical class III
chr6,31952087,31959110,ENSG00000204356.12,NELFE,,classical class III
chr6,31959080,31969755,ENSG00000204351.11,SKIV2L,,classical class III
chr6,31969810,31972292,ENSG00000204348.9,DXO,,classical class III
chr6,31971091,31982821,ENSG00000204344.14,STK19,,classical class III
chr6,31982024,32002681,ENSG00000244731.7,C4A,,classical class III
chr6,31999976,32003521,ENSG00000233627.2,C4A-AS1,,classical class III
chr6,32005636,32008451,ENSG00000204338.8,CYP21A1P,,classical class III
chr6,32006168,32007104,ENSG00000279546.1,AL645922.1,,classical class III
chr6,32008614,32012472,ENSG00000248290.1,TNXA,,classical class III
chr6,32013270,32013787,ENSG00000250535.1,STK19B,,classical class III
chr6,32014762,32035418,ENSG00000224389.8,C4B,,classical class III
chr6,32032713,32036258,ENSG00000229776.1,C4B-AS1,,classical class III
chr6,32038265,32041670,ENSG00000231852.6,CYP21A2,,classical class III
chr6,32041154,32115334,ENSG00000168477.17,TNXB,,classical class III
chr6,32078508,32078628,ENSG00000252512.1,RNA5SP206,,classical class III
chr6,32098176,32128253,ENSG00000213676.10,ATF6B,,classical class III
chr6,32128707,32130291,ENSG00000204315.3,FKBPL,,classical class III
chr6,32148359,32154373,ENSG00000204314.10,PRRT1,,classical class III
chr6,32153441,32163680,ENSG00000221988.12,PPT2,,classical class III
chr6,32153845,32171978,ENSG00000258388.7,PPT2-EGFL8,,classical class III
chr6,32164583,32168281,ENSG00000241404.6,EGFL8,,classical class III
chr6,32168212,32178096,ENSG00000204310.11,AGPAT1,,classical class III
chr6,32178354,32180793,ENSG00000204308.7,RNF5,,classical class III
chr6,32179816,32179876,ENSG00000277264.1,MIR6833,,classical class III
chr6,32180968,32184324,ENSG00000204305.13,AGER,,classical class III
chr6,32184733,32185882,ENSG00000273333.2,XXbac-BPG300A18.13,,classical class III
chr6,32184741,32190186,ENSG00000204304.11,PBX2,,classical class III
chr6,32190766,32195523,ENSG00000213654.9,GPSM3,,classical class III
chr6,32194843,32224067,ENSG00000204301.6,NOTCH4,,classical class III
chr6,32255284,32350039,ENSG00000277427.1,XXbac-BPG154L12.5,,
chr6,32255711,32265838,ENSG00000225914.1,TSBP1-AS1,,
chr6,32288526,32371912,ENSG00000204296.11,C6orf10,,classical class II
chr6,32325219,32326178,ENSG00000237285.1,HNRNPA1P2,,classical class II
chr6,32352877,32352983,ENSG00000223335.1,RNU6-603P,,classical class II
chr6,32390510,32393686,ENSG00000228962.1,HCG23,,classical class II
chr6,32393963,32407128,ENSG00000204290.10,BTNL2,Butyrophilin,classical class II
chr6,32439842,32445046,ENSG00000204287.13,HLA-DRA,HLA class II,classical class II
chr6,32459821,32473500,ENSG00000196301.3,HLA-DRB9,HLA class II,classical class II
chr6,32517343,32530287,ENSG00000198502.5,HLA-DRB5,HLA class II,classical class II
chr6,32549940,32550090,ENSG00000251916.1,RNU1-61P,,classical class II
chr6,32552713,32560022,ENSG00000229391.7,HLA-DRB6,HLA class II,classical class II
chr6,32552990,32589848,ENSG00000196126.10,HLA-DRB1,HLA class II,classical class II
chr6,32628179,32647062,ENSG00000196735.11,HLA-DQA1,HLA class II,classical class II
chr6,32659467,32668383,ENSG00000179344.16,HLA-DQB1,HLA class II,classical class II
chr6,32659880,32660729,ENSG00000223534.1,HLA-DQB1-AS1,HLA class II,classical class II
chr6,32706124,32706955,ENSG00000235040.1,MTCO3P1,,classical class II
chr6,32718005,32719170,ENSG00000232080.5,XXbac-BPG254F23.7,,classical class II
chr6,32730758,32731695,ENSG00000226030.1,HLA-DQB3,HLA class II,classical class II
chr6,32741342,32747215,ENSG00000237541.3,HLA-DQA2,HLA class II,classical class II
chr6,32749912,32749979,ENSG00000263649.1,MIR3135B,,classical class II
chr6,32756098,32763534,ENSG00000232629.8,HLA-DQB2,HLA class II,classical class II
chr6,32812763,32817048,ENSG00000241106.6,HLA-DOB,HLA class II,classical class II
chr6,32813767,32838822,ENSG00000250264.1,XXbac-BPG246D15.9,,classical class II
chr6,32821833,32838780,ENSG00000204267.13,TAP2,,classical class II
chr6,32840717,32844703,ENSG00000204264.8,PSMB8,,classical class II
chr6,32844086,32846495,ENSG00000204261.8,PSMB8-AS1,,classical class II
chr6,32844136,32859585,ENSG00000240065.7,PSMB9,,classical class II
chr6,32845209,32853978,ENSG00000168394.10,TAP1,,classical class II
chr6,32879171,32879848,ENSG00000234515.1,PPP1R2P1,,classical class II
chr6,32896416,32896490,ENSG00000235301.1,HLA-Z,HLA class I,classical class II
chr6,32934629,32941070,ENSG00000242574.8,HLA-DMB,HLA class II,classical class II
chr6,32937364,32953122,ENSG00000248993.1,XXbac-BPG181M17.5,,classical class II
chr6,32948613,32969094,ENSG00000204257.14,HLA-DMA,HLA class II,classical class II
chr6,32968660,32981505,ENSG00000204256.12,BRD2,,classical class II
chr6,32970232,32970886,ENSG00000223837.2,BRD2-IT1,,classical class II
chr6,32972065,32972853,ENSG00000263756.1,XXbac-BPG181M17.6,,classical class II
chr6,33004178,33009612,ENSG00000204252.13,HLA-DOA,HLA class II,classical class II
chr6,33064569,33080775,ENSG00000231389.7,HLA-DPA1,HLA class II,classical class II
chr6,33075926,33087201,ENSG00000223865.10,HLA-DPB1,HLA class II,classical class II
chr6,33079451,33079860,ENSG00000224796.1,RPL32P1,,classical class II
chr6,33091753,33097295,ENSG00000231461.1,HLA-DPA2,HLA class II,classical class II
chr6,33103794,33107330,ENSG00000228688.1,COL11A2P1,,classical class II
chr6,33112451,33129084,ENSG00000224557.7,HLA-DPB2,HLA class II,classical class II
chr6,33131216,33143325,ENSG00000237398.1,HLA-DPA3,HLA class II,classical class II
chr6,33144783,33147767,ENSG00000230313.1,HCG24,,classical class II
chr6,33162681,33192499,ENSG00000204248.10,COL11A2,,extended class II
chr6,33193588,33200688,ENSG00000204231.10,RXRB,,extended class II
chr6,33199601,33199696,ENSG00000202441.2,RNY4P10,,extended class II
chr6,33200445,33204439,ENSG00000112473.17,SLC39A7,Solute carrier,extended class II
chr6,33204642,33206831,ENSG00000204228.3,HSD17B8,,extended class II
chr6,33207835,33207944,ENSG00000199036.1,MIR219A1,,extended class II
chr6,33208495,33212722,ENSG00000204227.4,RING1,,extended class II
chr6,33215705,33216328,ENSG00000225463.1,ZNF70P1,Zinc finger protein,extended class II
chr6,33237799,33239690,ENSG00000223457.1,HTATSF1P1,,extended class II
chr6,33246075,33246856,ENSG00000272217.1,XXbac-BPG157A10.21,,extended class II
chr6,33249534,33254989,ENSG00000232940.5,HCG25,,extended class II
chr6,33250272,33272047,ENSG00000223501.8,VPS52,,extended class II
chr6,33272010,33276510,ENSG00000231500.6,RPS18,,extended class II
chr6,33277132,33284832,ENSG00000235863.3,B3GALT4,,extended class II
chr6,33279108,33289527,ENSG00000227057.8,WDR46,,extended class II
chr6,33289302,33298401,ENSG00000204220.10,PFDN6,,extended class II
chr6,33291654,33299324,ENSG00000237441.9,RGL2,,extended class II
chr6,33299694,33314387,ENSG00000231925.11,TAPBP,,extended class II
chr6,33314406,33317942,ENSG00000236104.2,ZBTB22,Zinc finger protein,extended class II
chr6,33318558,33329269,ENSG00000204209.10,DAXX,,extended class II
chr6,33338978,33339495,ENSG00000229596.3,MYL8P,,extended class II
chr6,33365548,33366243,ENSG00000228285.2,LYPLA2P1,,extended class II
chr6,33389374,33389475,ENSG00000225644.1,RPL35AP4,,extended class II
chr6,33391536,33409924,ENSG00000237649.7,KIFC1,,extended class II
chr6,33400059,33400556,ENSG00000204194.1,RPL12P1,,extended class II
